IM,bias,bias_std_err,tau,phi_S2S,phi_w,sigma
AI,-0.12213749146674323,0.06584985996102384,0.7058304673085664,0.7671542273115859,0.738484409460665,1.2775294439188212
CAV,0.20718666569475824,0.03277312582045302,0.3175410048336084,0.4031534485878213,0.305552417363737,0.5972665004969006
Ds575,0.15783565021322407,0.029575714722753183,0.28395272729169274,0.32959102936169465,0.5231435257831919,0.6803958748706235
Ds595,0.5054281955651773,0.02541219433920902,0.2669515098591805,0.2857733747935495,0.371169104217895,0.539162345015771
PGA,0.07454469708541292,0.036503374291044,0.40332207331987285,0.40915259891766637,0.4842611964002661,0.7513876831351035
PGV,0.026638158114305407,0.0312848290728908,0.38092689605170793,0.3238283421970395,0.47526748998761414,0.6898182966439774
pSA_0.010000000000,0.06508468299565337,0.03619898216229614,0.4045734774990065,0.4032690720113586,0.482629976812606,0.7478217285253739
pSA_0.010722672220,0.06539858263649219,0.03619420286743337,0.404627297488307,0.40314221962652497,0.48272561656427393,0.7478441816350855
pSA_0.011497569954,0.06583714379696688,0.03617837359384397,0.4043796349529113,0.4029586161400118,0.48277543126292854,0.7476433993002478
pSA_0.012328467394,0.06618148775147366,0.0361552189964112,0.4039069013170667,0.40276027686736904,0.4827206621698994,0.7472455173767056
pSA_0.013219411485,0.06665376899091563,0.03614700399150069,0.40336517917420706,0.40289053467225266,0.48251180773743696,0.7468881410926158
pSA_0.014174741629,0.06762972498884674,0.03617927407491496,0.40312870783221094,0.40367467050231637,0.4819516991591792,0.7468222244992725
pSA_0.015199110830,0.07061022323686426,0.03618536906547116,0.4028490990274452,0.4039991476791591,0.48139258207820773,0.7464861190890527
pSA_0.016297508346,0.07390768300368546,0.036210245357874954,0.4028963482106847,0.40451859981052674,0.48082398161809564,0.7464264640895667
pSA_0.017475284000,0.07419280158373275,0.036286545334955254,0.40329555855540167,0.40581264215157553,0.48027942094853987,0.7469936614638847
pSA_0.018738174229,0.07607213756464595,0.036357933010285795,0.40358072266501827,0.4070648535737121,0.4797563392764263,0.7474927021702109
pSA_0.02,0.07895411524219426,0.036493384432151686,0.40387674289731285,0.40946556465359296,0.4793198342166786,0.74868282707962
pSA_0.020092330026,0.07912320943024966,0.03650351693391589,0.40393880496453255,0.4096254875717367,0.4792967083612148,0.7487889775300202
pSA_0.021544346900,0.08090353439388163,0.03663147596784236,0.40452266849986507,0.4118046945907882,0.4785378580796987,0.749813428415876
pSA_0.023101297001,0.08217936400265863,0.03679203474869936,0.40508535773218846,0.4146103947515148,0.4775963767609145,0.7510620650653149
pSA_0.024770763560,0.0828046332206452,0.036977070766871005,0.4050326991776425,0.418132324096462,0.47663963979207385,0.7523772152840311
pSA_0.026560877829,0.08448123592952886,0.03725070120989843,0.4044918147394928,0.42342609197022013,0.47591151560379175,0.7545827020524123
pSA_0.028480358684,0.0846622939900488,0.0375727142943852,0.4034129709725336,0.42964644483556924,0.4762330019877927,0.757717602336804
pSA_0.030538555088,0.08248333243431778,0.03779485369879348,0.4040473421701813,0.4334076178221554,0.4758772135283757,0.7599707496059269
pSA_0.032745491629,0.07832867967440152,0.03809014044672264,0.40531946741370223,0.43796883107734647,0.4770902903171635,0.7640129009216401
pSA_0.035111917342,0.07522047840298628,0.038502452899307954,0.4060372946692761,0.4450483300024117,0.476890337300694,0.7683480295484917
pSA_0.037649358068,0.06963074293101741,0.038870829764769195,0.4062531877354803,0.4516832268398325,0.4756327753083568,0.771547747648331
pSA_0.040370172586,0.06279738309719597,0.039276588931948304,0.4067842011485829,0.458734946723842,0.47499013467252554,0.7755815661076795
pSA_0.043287612811,0.05700845291643367,0.039839685548316184,0.406296641196336,0.46893457627022345,0.4743944785556604,0.7810420723323778
pSA_0.046415888336,0.048973197124504694,0.04021147803915764,0.4054939244583557,0.4758730301901471,0.4736586476187303,0.7843678844132999
pSA_0.049770235643,0.041491625920226434,0.040775636944458564,0.4079779494615464,0.48465579546203974,0.4742097746723108,0.7913356795422246
pSA_0.05,0.04077308053925206,0.04081607095276453,0.4081621927082393,0.4852913607840621,0.47418014471755127,0.7918023049047044
pSA_0.053366992312,0.030744058939650303,0.04157897899128549,0.41038299131588757,0.49764727315142193,0.4743885408379144,0.800694383466468
pSA_0.057223676594,0.01950242682167558,0.04230343606262849,0.4105944482660498,0.5098597392963296,0.47607779429481717,0.8094410546314297
pSA_0.061359072734,0.003945599568970099,0.042568057550179283,0.4122158451202542,0.5136043931995351,0.47757152163680716,0.8135022642627145
pSA_0.065793322466,-0.01223086905077582,0.04275434021537797,0.4139815119432979,0.5161165420436057,0.4777566439673702,0.8160933696929981
pSA_0.070548023107,-0.020771525767356285,0.042826114389475145,0.4175044469216067,0.5158445153297387,0.479029324939643,0.8184586864022031
pSA_0.075646332755,-0.033536282453501355,0.04276051461838614,0.4209596424736657,0.5133199197773199,0.4795166063999581,0.8189264536239399
pSA_0.081113083079,-0.04779588385750377,0.04249780358197491,0.4221955079299285,0.5080830590712508,0.48106988754392505,0.8172060196382154
pSA_0.086974900262,-0.051940805871499754,0.042269853775576724,0.4246605617501678,0.503179522558909,0.48086175022231,0.8153246270384839
pSA_0.093260334688,-0.05425770686635737,0.0420828584079863,0.4255740489950343,0.4994587670510255,0.48158658672421484,0.8139397838137894
pSA_0.1,-0.06231408742383564,0.042002573650840175,0.42354624550750664,0.49865478527883805,0.483149540798854,0.8133151269582612
pSA_0.107226722201,-0.06714159349641972,0.04151198361499042,0.42254731103755894,0.4903183829123199,0.4843289798797794,0.8084138218995341
pSA_0.114975699540,-0.06483013374245056,0.04073188558675789,0.4222543692917396,0.4765594095421374,0.4855105447779439,0.8007047597583589
pSA_0.123284673944,-0.067287706756936,0.040046418437841916,0.4237537360377874,0.46309354230909217,0.4903709144021395,0.7965466034237771
pSA_0.132194114847,-0.06932059402290179,0.03961709828985426,0.4224887602689257,0.4555918811986278,0.4930248789566891,0.7931798320922793
pSA_0.141747416293,-0.0720872157476138,0.03921374256635976,0.4196996178145723,0.4491269892405861,0.4960940491302267,0.7899190637276932
pSA_0.151991108295,-0.07200792792000085,0.03866501446584774,0.4182045894151065,0.4395959882655754,0.49825260645283875,0.7851085092801461
pSA_0.162975083462,-0.08059203271573916,0.0381493073031307,0.4173904540691352,0.43002444904503356,0.5023178480714899,0.7819584633570353
pSA_0.174752840001,-0.08341824022889627,0.037640147241167037,0.4173819294722175,0.420222919768858,0.505855691922568,0.7788998384898248
pSA_0.187381742286,-0.0877193037109264,0.036791739276465216,0.41291431810754087,0.4061959564287714,0.5092576265003161,0.7712565845852049
pSA_0.2,-0.09161821331223392,0.03620652030723369,0.4097195942614004,0.39675155258656947,0.5101332802189864,0.7651914165674906
pSA_0.200923300257,-0.0923619621365911,0.036176491650747766,0.4095895568415299,0.39625201474216754,0.5101649165562592,0.7648839822781771
pSA_0.215443469003,-0.10412853435948384,0.03586656860760302,0.4102557140818151,0.39001966529636556,0.5111916789295111,0.7627201471453612
pSA_0.231012970008,-0.11241789622121023,0.035567625484405126,0.41344496442563755,0.3827666922735295,0.5119651920101947,0.7612853848281675
pSA_0.247707635599,-0.11762885165491431,0.03525389760928528,0.41630636438694524,0.3751469901197048,0.5137845878700726,0.7602768285024675
pSA_0.265608778295,-0.12931388217884798,0.034948290122652104,0.4197019989921222,0.36749917380656805,0.5145357177935345,0.7589152888114729
pSA_0.284803586844,-0.13578470649184537,0.034839477974271005,0.42609355258262666,0.362470902251987,0.5123262902237997,0.7585638392293257
pSA_0.3,-0.14456692074863728,0.034916762087752594,0.42963702328056624,0.36238612818384525,0.5106006995179933,0.7593581184274836
pSA_0.305385550883,-0.14784785555261992,0.03486220479529645,0.4296096020156988,0.36139473184245635,0.510314815988948,0.7586776481256067
pSA_0.327454916288,-0.16479601787700912,0.034654115206468356,0.42725743342613703,0.3589077575297193,0.5085735370964385,0.7549905532307568
pSA_0.351119173422,-0.1734794031867792,0.03425995496837158,0.42333036611141517,0.35418670027412663,0.5036544394229654,0.7472112230645096
pSA_0.376493580679,-0.1881569609338042,0.03375549242729271,0.41882613569577315,0.34703673292836157,0.5022754169207866,0.740358305407858
pSA_0.4,-0.1986844586367411,0.03334765577316491,0.4112140153643857,0.3434692214068455,0.5005690932978519,0.7332376760989301
pSA_0.403701725860,-0.19992990084026485,0.0332774160165004,0.41023199704428465,0.3426928490711684,0.500193920832102,0.7320673730203032
pSA_0.432876128108,-0.21221358472618607,0.032946717774877274,0.4041448075133731,0.3396865188464234,0.4991736510685192,0.7265633423502033
pSA_0.464158883361,-0.2212423923401902,0.032922029330175816,0.4016998784569379,0.3411405809373425,0.4953497824464311,0.7232641946649321
pSA_0.497702356433,-0.23364858891359142,0.03308555200663707,0.39910055269231304,0.3468930678540699,0.48778239678259405,0.719407894240458
pSA_0.5,-0.23486404193784097,0.0330867504416605,0.39891107301101786,0.3470969953558516,0.48727738069421367,0.7190588391029452
pSA_0.533669923121,-0.24169346222800708,0.0328461572073062,0.3964807155600055,0.3453170958172361,0.4777574828574071,0.7104175299785822
pSA_0.572236765935,-0.24400981736855892,0.032796837392605034,0.39253907826027057,0.3476048357487466,0.4703291063699859,0.7043617806895299
pSA_0.613590727341,-0.24314381578528094,0.03272084417530144,0.38549340221115186,0.3506555965712538,0.4644214559236613,0.6980342393302238
pSA_0.657933224658,-0.24078932486160254,0.032278558098526235,0.3807062037682472,0.34558256949755445,0.4589082701085101,0.6891743801841066
pSA_0.705480231072,-0.23487258388759596,0.031764185912354255,0.3776250832528168,0.3389681601370549,0.44922355100558226,0.6777181684641942
pSA_0.75,-0.22579559285679632,0.031418710605693435,0.37098530158726556,0.3374209789330165,0.438877530774248,0.6664056557656234
pSA_0.756463327555,-0.22365508673451145,0.03140756414935567,0.37035073419154985,0.3376936177477551,0.4378253364974751,0.6654980624035762
pSA_0.811130830790,-0.20399376828071808,0.03133252138744491,0.3610296741815672,0.34209120157234374,0.42985366919075496,0.6573758382764106
pSA_0.869749002618,-0.17424160018825693,0.031264949631530016,0.35725765154571365,0.34374002482233484,0.4227655183437353,0.6515526976026307
pSA_0.932603346883,-0.13630187210121217,0.030941015282211694,0.35615167774671896,0.339312509092364,0.41601841516994476,0.6442424374013799
pSA_1.0,-0.08754570624464746,0.030697707058396757,0.3530146948579577,0.33757162875511293,0.407790199069167,0.6362914629184551
pSA_1.072267222010,-0.049826715400252214,0.03050382018055068,0.34768934846359106,0.3372221944327245,0.4031374558876503,0.6301797361012379
pSA_1.149756995398,-0.0018762728137189932,0.03059703240073639,0.34266510712302045,0.3418287226115777,0.39944817857274606,0.6275548570499462
pSA_1.232846739442,0.0370407237557865,0.030523691617157223,0.3388789657301878,0.3421253374660253,0.40007033435078326,0.6260550873350931
pSA_1.321941148466,0.0573612946927768,0.030149172751902018,0.33353181617472183,0.3378266969606641,0.39940423996450675,0.6203983369431176
pSA_1.417474162927,0.07383971084391475,0.029818867681819503,0.32788874501080695,0.33464747334526806,0.3975248404411079,0.6144314113787332
pSA_1.519911082953,0.07253676892049157,0.0295239649941457,0.32202390813301024,0.33197385475063856,0.39717413440254346,0.6096337676717597
pSA_1.629750834621,0.06394858636903818,0.029322642110010996,0.3202601259278321,0.3297546955185846,0.3928928373174739,0.6047061179542013
pSA_1.747528400008,0.05391349334301454,0.02927268548912694,0.3200543277491551,0.329381455876335,0.38996748769223627,0.6024961059153595
pSA_1.873817422860,0.0390675639640003,0.02931672135499065,0.32288744623085036,0.3287382545287221,0.3910875068720218,0.6043795007736819
pSA_10.0,0.1270183242803884,0.024962803711919192,0.32439603584817334,0.24883083420027527,0.369763518995955,0.5512482490703133
pSA_2.0,0.03019301787256828,0.029286041084522554,0.3266674605903408,0.32641089292262687,0.39139024523600174,0.6053445505602458
pSA_2.009233002565,0.029433079248395597,0.029301368192663706,0.3268847339528257,0.32658212369676937,0.3914531269198413,0.60559480131935
pSA_2.154434690032,0.01937781090078922,0.028926452542927056,0.33013039412544287,0.3180441199838238,0.3922879153403981,0.6033472863151209
pSA_2.310129700083,0.0065809602558315194,0.028563352906494355,0.33437345080187897,0.3095551624820481,0.39034020371449096,0.599996231535094
pSA_2.477076355992,-0.006042034558390872,0.02813470065882549,0.3352594949676567,0.3015326145885755,0.38737243246027414,0.5944562625263362
pSA_2.656087782947,-0.012672436116067486,0.028059440851605277,0.3348295778210178,0.30090452590063427,0.38375077393943563,0.5915395476131772
pSA_2.848035868436,-0.009233888845971303,0.02799007675477589,0.33564966644431066,0.299792180688427,0.3799223749237385,0.5889626992890069
pSA_3.0,-0.005157780056082518,0.02780366713799185,0.33382911398543363,0.29732723506900965,0.3790214232905368,0.586090949743524
pSA_3.053855508833,-0.0035881362811682575,0.02776598714458006,0.33260924405374914,0.2972528717644804,0.37887043643917334,0.5852614685846376
pSA_3.274549162878,0.006341370076402699,0.027344836840707595,0.32912497795002404,0.2911065753921973,0.37843158345884775,0.5798937425997522
pSA_3.511191734215,0.014066219412345987,0.026628707328436516,0.32552963097759546,0.2796090282140375,0.3765067832702929,0.5708836196211546
pSA_3.764935806792,0.01901644184237758,0.02612410397321095,0.32069220486660244,0.2727528143543402,0.374628581424017,0.5635460602472413
pSA_4.0,0.0229547583272766,0.025757997317410224,0.3192034743062676,0.2667992109318441,0.37267465666011146,0.5585329683015844
pSA_4.037017258597,0.023736772887606394,0.02570059962920301,0.3187358191693277,0.26597521703886773,0.37244479554123927,0.5577189832040601
pSA_4.328761281083,0.03302684957569398,0.02516929067385384,0.3164178395581792,0.257121322524011,0.3710583180502469,0.551285678284354
pSA_4.641588833613,0.042938737375594824,0.02483068094661896,0.3164583647246433,0.25094645216645506,0.3681704741047113,0.5465066481403628
pSA_4.977023564332,0.04638356447726946,0.024331446270639875,0.31579547087409643,0.24187817657598407,0.3655339439156806,0.5402285589293361
pSA_5.0,0.046411434726442866,0.024305385190698203,0.3156910684204065,0.24146652245907865,0.3652533827839059,0.5397934473333156
pSA_5.336699231206,0.0507887314408275,0.02403866593603212,0.31454573827094373,0.23713829141539527,0.3632444813124993,0.5358359300418484
pSA_5.722367659350,0.05656555894835678,0.023846356512598473,0.3132882062032888,0.233941511157937,0.36359921403477685,0.5339311933532643
pSA_6.135907273413,0.061805959564317135,0.023768809264655386,0.3128062251366079,0.23239995628397492,0.3650795060830103,0.5339855053527413
pSA_6.579332246576,0.0686680134519867,0.023827428306382063,0.31226621267399013,0.23372980792343923,0.36601816357743416,0.534891677593027
pSA_7.054802310719,0.07486880197017447,0.024192167019187645,0.31433412824989715,0.24005433074987104,0.3648352400328684,0.5380862182440951
pSA_7.5,0.08234801165115874,0.02438507994403708,0.3177671185305745,0.24210676856798194,0.36389023738593085,0.540377399481551
pSA_7.564633275546,0.08401759950238784,0.024387840884332927,0.3180123010520525,0.24203384762206806,0.36381881157456436,0.5404408706516303
pSA_8.111308307897,0.09443506080291159,0.02445905289963854,0.31906236494408396,0.24274761302418577,0.3644383204589164,0.5417956125436671
pSA_8.697490026178,0.10254373079739461,0.024458037497182814,0.3191108771946259,0.2423126944101791,0.36667027990011014,0.5431337661923346
pSA_9.326033468832,0.11420021406943032,0.02461144028222792,0.32108281485941687,0.2440278370686651,0.36794148588373166,0.5459163821472899
